{"cameraMode":{"drawMode":0,"name":"Shaded","section":"Shading Mode"},"sceneLighting":false,"audioPlay":false,"sceneViewState":{"m_AlwaysRefresh":false,"showFog":true,"showSkybox":false,"showFlares":true,"showImageEffects":true,"showParticleSystems":true,"showVisualEffectGraphs":true,"m_FxEnabled":true},"in2DMode":false,"pivot":{"x":1.7874174118041993,"y":2.19600248336792,"z":-4.654268741607666},"rotation":{"x":0.05077267438173294,"y":0.036633457988500598,"z":-0.00028811904485337436,"w":-0.9992846250534058},"size":1.401298464324817e-45,"orthographic":false}